ID,NAME,GENDER,AGE,DATE,COUNTRY
1,Dett,Male,18,21/05/2015,Great Britain
2,Nern ,Female,19,15/10/2017,France
3,Kallsie,Male,20,16/08/2016,France
4,Siuau,Female,21,21/05/2015,Great Britain
5,Shennice,Male,22,21/05/2016,France
6,Chasse,Female,23,15/10/2018,France
7,Tommye,Male,24,16/08/2017,United States
8,Dorcast,Female,25,21/05/2016,United States
9,Angelee,Male,26,21/05/2017,Great Britain
10,Willoom,Female,27,15/10/2019,France
11,Waeston,Male,28,16/08/2018,Great Britain
12,Rosma,Female,29,21/05/2017,France
13,Felisaas,Male,30,21/05/2018,France
14,Demetas,Female,31,15/10/2020,Great Britain
15,Jeromyw,Female,32,16/08/2019,France
16,Rashid,Female,33,21/05/2018,France
17,Dett,Female,34,21/05/2019,United States
18,Nern ,Female,35,15/10/2021,United States
19,Kallsie,Female,36,16/08/2020,Great Britain
20,Siuau,Female,37,21/05/2019,France
21,Shennice,Female,38,21/05/2020,Great Britain
22,Chasse,Female,39,15/10/2022,France
23,Tommye,Female,40,16/08/2021,France
24,Dorcast,Female,41,21/05/2020,Great Britain
25,Angelee,Female,42,21/05/2021,France
26,Willoom,Female,43,15/10/2023,France
27,Waeston,Female,44,16/08/2022,United States
28,Rosma,Female,45,21/05/2021,United States
29,Felisaas,Female,46,21/05/2022,Great Britain
30,Demetas,Female,47,15/10/2024,France
31,Jeromyw,Female,48,16/08/2023,Great Britain
32,Rashid,Female,49,21/05/2022,France
33,Dett,Female,50,21/05/2023,France
34,Nern ,Female,51,15/10/2025,Great Britain
35,Kallsie,Female,52,16/08/2024,France
36,Siuau,Female,53,21/05/2023,France
37,Shennice,Female,54,21/05/2024,United States
38,Chasse,Female,55,15/10/2026,United States
39,Tommye,Female,56,16/08/2025,Great Britain
40,Dorcast,Female,57,21/05/2024,France
41,Angelee,Female,58,21/05/2025,Great Britain
42,Willoom,Female,59,15/10/2027,France
43,Waeston,Female,60,16/08/2026,France
44,Rosma,Female,61,21/05/2025,Great Britain
45,Felisaas,Female,62,21/05/2026,France
46,Demetas,Female,63,15/10/2028,France
47,Jeromyw,Female,64,16/08/2027,United States
48,Rashid,Female,65,21/05/2026,United States
49,Dett,Male,18,21/05/2015,Great Britain
50,Nern ,Female,19,15/10/2017,France
51,Kallsie,Male,20,16/08/2016,France
52,Siuau,Female,21,21/05/2015,Great Britain
53,Shennice,Male,22,21/05/2016,France
54,Chasse,Female,23,15/10/2018,France
55,Tommye,Male,24,16/08/2017,United States
56,Dorcast,Female,25,21/05/2016,United States
57,Angelee,Male,26,21/05/2017,Great Britain
58,Willoom,Female,27,15/10/2019,France
59,Waeston,Male,28,16/08/2018,Great Britain
60,Rosma,Female,29,21/05/2017,France
61,Felisaas,Male,30,21/05/2018,France
62,Demetas,Female,31,15/10/2020,Great Britain
63,Jeromyw,Female,32,16/08/2019,France
64,Rashid,Female,33,21/05/2018,France
65,Dett,Female,34,21/05/2019,United States
66,Nern ,Female,35,15/10/2021,United States
67,Kallsie,Female,36,16/08/2020,Great Britain
68,Siuau,Female,37,21/05/2019,France
69,Shennice,Female,38,21/05/2020,Great Britain
70,Chasse,Female,39,15/10/2022,France
71,Tommye,Female,40,16/08/2021,France
72,Dorcast,Female,41,21/05/2020,Great Britain
73,Angelee,Female,42,21/05/2021,France
74,Willoom,Female,43,15/10/2023,France
75,Waeston,Female,44,16/08/2022,United States
76,Rosma,Female,45,21/05/2021,United States
77,Felisaas,Female,46,21/05/2022,Great Britain
78,Demetas,Female,47,15/10/2024,France
79,Jeromyw,Female,48,16/08/2023,Great Britain
80,Rashid,Female,49,21/05/2022,France
81,Dett,Female,50,21/05/2023,France
82,Nern ,Female,51,15/10/2025,Great Britain
83,Kallsie,Female,52,16/08/2024,France
84,Siuau,Female,53,21/05/2023,France
85,Shennice,Female,54,21/05/2024,United States
86,Chasse,Female,55,15/10/2026,United States
87,Tommye,Female,56,16/08/2025,Great Britain
88,Dorcast,Female,57,21/05/2024,France
89,Angelee,Female,58,21/05/2025,Great Britain
90,Willoom,Female,59,15/10/2027,France
91,Waeston,Female,60,16/08/2026,France
92,Rosma,Female,61,21/05/2025,Great Britain
93,Felisaas,Female,62,21/05/2026,France
94,Demetas,Female,63,15/10/2028,France
95,Jeromyw,Female,64,16/08/2027,United States
96,Rashid,Female,65,21/05/2026,United States
97,Dett,Male,18,21/05/2015,Great Britain
98,Nern ,Female,19,15/10/2017,France
99,Kallsie,Male,20,16/08/2016,France
100,Siuau,Female,21,21/05/2015,Great Britain
101,Shennice,Male,22,21/05/2016,France
102,Chasse,Female,23,15/10/2018,France
103,Tommye,Male,24,16/08/2017,United States
104,Dorcast,Female,25,21/05/2016,United States
105,Angelee,Male,26,21/05/2017,Great Britain
106,Willoom,Female,27,15/10/2019,France
107,Waeston,Male,28,16/08/2018,Great Britain
108,Rosma,Female,29,21/05/2017,France
109,Felisaas,Male,30,21/05/2018,France
110,Demetas,Female,31,15/10/2020,Great Britain
111,Jeromyw,Female,32,16/08/2019,France
112,Rashid,Female,33,21/05/2018,France
113,Dett,Female,34,21/05/2019,United States
114,Nern ,Female,35,15/10/2021,United States
115,Kallsie,Female,36,16/08/2020,Great Britain
116,Siuau,Female,37,21/05/2019,France
117,Shennice,Female,38,21/05/2020,Great Britain
118,Chasse,Female,39,15/10/2022,France
119,Tommye,Female,40,16/08/2021,France
120,Dorcast,Female,41,21/05/2020,Great Britain
121,Angelee,Female,42,21/05/2021,France
122,Willoom,Female,43,15/10/2023,France
123,Waeston,Female,44,16/08/2022,United States
124,Rosma,Female,45,21/05/2021,United States
125,Felisaas,Female,46,21/05/2022,Great Britain
126,Demetas,Female,47,15/10/2024,France
127,Jeromyw,Female,48,16/08/2023,Great Britain
128,Rashid,Female,49,21/05/2022,France
129,Dett,Female,50,21/05/2023,France
130,Nern ,Female,51,15/10/2025,Great Britain
131,Kallsie,Female,52,16/08/2024,France
132,Siuau,Female,53,21/05/2023,France
133,Shennice,Female,54,21/05/2024,United States
134,Chasse,Female,55,15/10/2026,United States
135,Tommye,Female,56,16/08/2025,Great Britain
136,Dorcast,Female,57,21/05/2024,France
137,Angelee,Female,58,21/05/2025,Great Britain
138,Willoom,Female,59,15/10/2027,France
139,Waeston,Female,60,16/08/2026,France
140,Rosma,Female,61,21/05/2025,Great Britain
141,Felisaas,Female,62,21/05/2026,France
142,Demetas,Female,63,15/10/2028,France
143,Jeromyw,Female,64,16/08/2027,United States
144,Rashid,Female,65,21/05/2026,United States
145,Dett,Male,18,21/05/2015,Great Britain
146,Nern ,Female,19,15/10/2017,France
147,Kallsie,Male,20,16/08/2016,France
148,Siuau,Female,21,21/05/2015,Great Britain
149,Shennice,Male,22,21/05/2016,France
150,Chasse,Female,23,15/10/2018,France
151,Tommye,Male,24,16/08/2017,United States
152,Dorcast,Female,25,21/05/2016,United States
153,Angelee,Male,26,21/05/2017,Great Britain
154,Willoom,Female,27,15/10/2019,France
155,Waeston,Male,28,16/08/2018,Great Britain
156,Rosma,Female,29,21/05/2017,France
157,Felisaas,Male,30,21/05/2018,France
158,Demetas,Female,31,15/10/2020,Great Britain
159,Jeromyw,Female,32,16/08/2019,France
160,Rashid,Female,33,21/05/2018,France
161,Dett,Female,34,21/05/2019,United States
162,Nern ,Female,35,15/10/2021,United States
163,Kallsie,Female,36,16/08/2020,Great Britain
164,Siuau,Female,37,21/05/2019,France
165,Shennice,Female,38,21/05/2020,Great Britain
166,Chasse,Female,39,15/10/2022,France
167,Tommye,Female,40,16/08/2021,France
168,Dorcast,Female,41,21/05/2020,Great Britain
169,Angelee,Female,42,21/05/2021,France
170,Willoom,Female,43,15/10/2023,France
171,Waeston,Female,44,16/08/2022,United States
172,Rosma,Female,45,21/05/2021,United States
173,Felisaas,Female,46,21/05/2022,Great Britain
174,Demetas,Female,47,15/10/2024,France
175,Jeromyw,Female,48,16/08/2023,Great Britain
176,Rashid,Female,49,21/05/2022,France
177,Dett,Female,50,21/05/2023,France
178,Nern ,Female,51,15/10/2025,Great Britain
179,Kallsie,Female,52,16/08/2024,France
180,Siuau,Female,53,21/05/2023,France
181,Shennice,Female,54,21/05/2024,United States
182,Chasse,Female,55,15/10/2026,United States
183,Tommye,Female,56,16/08/2025,Great Britain
184,Dorcast,Female,57,21/05/2024,France
185,Angelee,Female,58,21/05/2025,Great Britain
186,Willoom,Female,59,15/10/2027,France
187,Waeston,Female,60,16/08/2026,France
188,Rosma,Female,61,21/05/2025,Great Britain
189,Felisaas,Female,62,21/05/2026,France
190,Demetas,Female,63,15/10/2028,France
191,Jeromyw,Female,64,16/08/2027,United States
192,Rashid,Female,65,21/05/2026,United States
193,Dett,Male,18,21/05/2015,Great Britain
194,Nern ,Female,19,15/10/2017,France
195,Kallsie,Male,20,16/08/2016,France
196,Siuau,Female,21,21/05/2015,Great Britain
197,Shennice,Male,22,21/05/2016,France
198,Chasse,Female,23,15/10/2018,France
199,Tommye,Male,24,16/08/2017,United States
200,Dorcast,Female,25,21/05/2016,United States
201,Angelee,Male,26,21/05/2017,Great Britain
202,Willoom,Female,27,15/10/2019,France
203,Waeston,Male,28,16/08/2018,Great Britain
204,Rosma,Female,29,21/05/2017,France
205,Felisaas,Male,30,21/05/2018,France
206,Demetas,Female,31,15/10/2020,Great Britain
207,Jeromyw,Female,32,16/08/2019,France
208,Rashid,Female,33,21/05/2018,France
209,Dett,Female,34,21/05/2019,United States
210,Nern ,Female,35,15/10/2021,United States
211,Kallsie,Female,36,16/08/2020,Great Britain
212,Siuau,Female,37,21/05/2019,France
213,Shennice,Female,38,21/05/2020,Great Britain
214,Chasse,Female,39,15/10/2022,France
215,Tommye,Female,40,16/08/2021,France
216,Dorcast,Female,41,21/05/2020,Great Britain
217,Angelee,Female,42,21/05/2021,France
218,Willoom,Female,43,15/10/2023,France
219,Waeston,Female,44,16/08/2022,United States
220,Rosma,Female,45,21/05/2021,United States
221,Felisaas,Female,46,21/05/2022,Great Britain
222,Demetas,Female,47,15/10/2024,France
223,Jeromyw,Female,48,16/08/2023,Great Britain
224,Rashid,Female,49,21/05/2022,France
225,Dett,Female,50,21/05/2023,France
226,Nern ,Female,51,15/10/2025,Great Britain
227,Kallsie,Female,52,16/08/2024,France
228,Siuau,Female,53,21/05/2023,France
229,Shennice,Female,54,21/05/2024,United States
230,Chasse,Female,55,15/10/2026,United States
231,Tommye,Female,56,16/08/2025,Great Britain
232,Dorcast,Female,57,21/05/2024,France
233,Angelee,Female,58,21/05/2025,Great Britain
234,Willoom,Female,59,15/10/2027,France
235,Waeston,Female,60,16/08/2026,France
236,Rosma,Female,61,21/05/2025,Great Britain
237,Felisaas,Female,62,21/05/2026,France
238,Demetas,Female,63,15/10/2028,France
239,Jeromyw,Female,64,16/08/2027,United States
240,Rashid,Female,65,21/05/2026,United States
241,Dett,Male,18,21/05/2015,Great Britain
242,Nern ,Female,19,15/10/2017,France
243,Kallsie,Male,20,16/08/2016,France
244,Siuau,Female,21,21/05/2015,Great Britain
245,Shennice,Male,22,21/05/2016,France
246,Chasse,Female,23,15/10/2018,France
247,Tommye,Male,24,16/08/2017,United States
248,Dorcast,Female,25,21/05/2016,United States
249,Angelee,Male,26,21/05/2017,Great Britain
250,Willoom,Female,27,15/10/2019,France
251,Waeston,Male,28,16/08/2018,Great Britain
252,Rosma,Female,29,21/05/2017,France
253,Felisaas,Male,30,21/05/2018,France
254,Demetas,Female,31,15/10/2020,Great Britain
255,Jeromyw,Female,32,16/08/2019,France
256,Rashid,Female,33,21/05/2018,France
257,Dett,Female,34,21/05/2019,United States
258,Nern ,Female,35,15/10/2021,United States
259,Kallsie,Female,36,16/08/2020,Great Britain
260,Siuau,Female,37,21/05/2019,France
261,Shennice,Female,38,21/05/2020,Great Britain
262,Chasse,Female,39,15/10/2022,France
263,Tommye,Female,40,16/08/2021,France
264,Dorcast,Female,41,21/05/2020,Great Britain
265,Angelee,Female,42,21/05/2021,France
266,Willoom,Female,43,15/10/2023,France
267,Waeston,Female,44,16/08/2022,United States
268,Rosma,Female,45,21/05/2021,United States
269,Felisaas,Female,46,21/05/2022,Great Britain
270,Demetas,Female,47,15/10/2024,France
271,Jeromyw,Female,48,16/08/2023,Great Britain
272,Rashid,Female,49,21/05/2022,France
273,Dett,Female,50,21/05/2023,France
274,Nern ,Female,51,15/10/2025,Great Britain
275,Kallsie,Female,52,16/08/2024,France
276,Siuau,Female,53,21/05/2023,France
277,Shennice,Female,54,21/05/2024,United States
278,Chasse,Female,55,15/10/2026,United States
279,Tommye,Female,56,16/08/2025,Great Britain
280,Dorcast,Female,57,21/05/2024,France
281,Angelee,Female,58,21/05/2025,Great Britain
282,Willoom,Female,59,15/10/2027,France
283,Waeston,Female,60,16/08/2026,France
284,Rosma,Female,61,21/05/2025,Great Britain
285,Felisaas,Female,62,21/05/2026,France
286,Demetas,Female,63,15/10/2028,France
287,Jeromyw,Female,64,16/08/2027,United States
288,Rashid,Female,65,21/05/2026,United States
289,Dett,Male,18,21/05/2015,Great Britain
290,Nern ,Female,19,15/10/2017,France
291,Kallsie,Male,20,16/08/2016,France
292,Siuau,Female,21,21/05/2015,Great Britain
293,Shennice,Male,22,21/05/2016,France
294,Chasse,Female,23,15/10/2018,France
295,Tommye,Male,24,16/08/2017,United States
296,Dorcast,Female,25,21/05/2016,United States
297,Angelee,Male,26,21/05/2017,Great Britain
298,Willoom,Female,27,15/10/2019,France
299,Waeston,Male,28,16/08/2018,Great Britain
300,Rosma,Female,29,21/05/2017,France
301,Felisaas,Male,30,21/05/2018,France
302,Demetas,Female,31,15/10/2020,Great Britain
303,Jeromyw,Female,32,16/08/2019,France
304,Rashid,Female,33,21/05/2018,France
305,Dett,Female,34,21/05/2019,United States
306,Nern ,Female,35,15/10/2021,United States
307,Kallsie,Female,36,16/08/2020,Great Britain
308,Siuau,Female,37,21/05/2019,France
309,Shennice,Female,38,21/05/2020,Great Britain
310,Chasse,Female,39,15/10/2022,France
311,Tommye,Female,40,16/08/2021,France
312,Dorcast,Female,41,21/05/2020,Great Britain
313,Angelee,Female,42,21/05/2021,France
314,Willoom,Female,43,15/10/2023,France
315,Waeston,Female,44,16/08/2022,United States
316,Rosma,Female,45,21/05/2021,United States
317,Felisaas,Female,46,21/05/2022,Great Britain
318,Demetas,Female,47,15/10/2024,France
319,Jeromyw,Female,48,16/08/2023,Great Britain
320,Rashid,Female,49,21/05/2022,France
321,Dett,Female,50,21/05/2023,France
322,Nern ,Female,51,15/10/2025,Great Britain
323,Kallsie,Female,52,16/08/2024,France
324,Siuau,Female,53,21/05/2023,France
325,Shennice,Female,54,21/05/2024,United States
326,Chasse,Female,55,15/10/2026,United States
327,Tommye,Female,56,16/08/2025,Great Britain
328,Dorcast,Female,57,21/05/2024,France
329,Angelee,Female,58,21/05/2025,Great Britain
330,Willoom,Female,59,15/10/2027,France
331,Waeston,Female,60,16/08/2026,France
332,Rosma,Female,61,21/05/2025,Great Britain
333,Felisaas,Female,62,21/05/2026,France
334,Demetas,Female,63,15/10/2028,France
335,Jeromyw,Female,64,16/08/2027,United States
336,Rashid,Female,65,21/05/2026,United States
337,Dett,Male,18,21/05/2015,Great Britain
338,Nern ,Female,19,15/10/2017,France
339,Kallsie,Male,20,16/08/2016,France
340,Siuau,Female,21,21/05/2015,Great Britain
341,Shennice,Male,22,21/05/2016,France
342,Chasse,Female,23,15/10/2018,France
343,Tommye,Male,24,16/08/2017,United States
344,Dorcast,Female,25,21/05/2016,United States
345,Angelee,Male,26,21/05/2017,Great Britain
346,Willoom,Female,27,15/10/2019,France
347,Waeston,Male,28,16/08/2018,Great Britain
348,Rosma,Female,29,21/05/2017,France
349,Felisaas,Male,30,21/05/2018,France
350,Demetas,Female,31,15/10/2020,Great Britain
351,Jeromyw,Female,32,16/08/2019,France
352,Rashid,Female,33,21/05/2018,France
353,Dett,Female,34,21/05/2019,United States
354,Nern ,Female,35,15/10/2021,United States
355,Kallsie,Female,36,16/08/2020,Great Britain
356,Siuau,Female,37,21/05/2019,France
357,Shennice,Female,38,21/05/2020,Great Britain
358,Chasse,Female,39,15/10/2022,France
359,Tommye,Female,40,16/08/2021,France
360,Dorcast,Female,41,21/05/2020,Great Britain
361,Angelee,Female,42,21/05/2021,France
362,Willoom,Female,43,15/10/2023,France
363,Waeston,Female,44,16/08/2022,United States
364,Rosma,Female,45,21/05/2021,United States
365,Felisaas,Female,46,21/05/2022,Great Britain
366,Demetas,Female,47,15/10/2024,France
367,Jeromyw,Female,48,16/08/2023,Great Britain
368,Rashid,Female,49,21/05/2022,France
369,Dett,Female,50,21/05/2023,France
370,Nern ,Female,51,15/10/2025,Great Britain
371,Kallsie,Female,52,16/08/2024,France
372,Siuau,Female,53,21/05/2023,France
373,Shennice,Female,54,21/05/2024,United States
374,Chasse,Female,55,15/10/2026,United States
375,Tommye,Female,56,16/08/2025,Great Britain
376,Dorcast,Female,57,21/05/2024,France
377,Angelee,Female,58,21/05/2025,Great Britain
378,Willoom,Female,59,15/10/2027,France
379,Waeston,Female,60,16/08/2026,France
380,Rosma,Female,61,21/05/2025,Great Britain
381,Felisaas,Female,62,21/05/2026,France
382,Demetas,Female,63,15/10/2028,France
383,Jeromyw,Female,64,16/08/2027,United States
384,Rashid,Female,65,21/05/2026,United States
385,Dett,Male,18,21/05/2015,Great Britain
386,Nern ,Female,19,15/10/2017,France
387,Kallsie,Male,20,16/08/2016,France
388,Siuau,Female,21,21/05/2015,Great Britain
389,Shennice,Male,22,21/05/2016,France
390,Chasse,Female,23,15/10/2018,France
391,Tommye,Male,24,16/08/2017,United States
392,Dorcast,Female,25,21/05/2016,United States
393,Angelee,Male,26,21/05/2017,Great Britain
394,Willoom,Female,27,15/10/2019,France
395,Waeston,Male,28,16/08/2018,Great Britain
396,Rosma,Female,29,21/05/2017,France
397,Felisaas,Male,30,21/05/2018,France
398,Demetas,Female,31,15/10/2020,Great Britain
399,Jeromyw,Female,32,16/08/2019,France
400,Rashid,Female,33,21/05/2018,France
401,Dett,Female,34,21/05/2019,United States
402,Nern ,Female,35,15/10/2021,United States
403,Kallsie,Female,36,16/08/2020,Great Britain
404,Siuau,Female,37,21/05/2019,France
405,Shennice,Female,38,21/05/2020,Great Britain
406,Chasse,Female,39,15/10/2022,France
407,Tommye,Female,40,16/08/2021,France
408,Dorcast,Female,41,21/05/2020,Great Britain
409,Angelee,Female,42,21/05/2021,France
410,Willoom,Female,43,15/10/2023,France
411,Waeston,Female,44,16/08/2022,United States
412,Rosma,Female,45,21/05/2021,United States
413,Felisaas,Female,46,21/05/2022,Great Britain
414,Demetas,Female,47,15/10/2024,France
415,Jeromyw,Female,48,16/08/2023,Great Britain
416,Rashid,Female,49,21/05/2022,France
417,Dett,Female,50,21/05/2023,France
418,Nern ,Female,51,15/10/2025,Great Britain
419,Kallsie,Female,52,16/08/2024,France
420,Siuau,Female,53,21/05/2023,France
421,Shennice,Female,54,21/05/2024,United States
422,Chasse,Female,55,15/10/2026,United States
423,Tommye,Female,56,16/08/2025,Great Britain
424,Dorcast,Female,57,21/05/2024,France
425,Angelee,Female,58,21/05/2025,Great Britain
426,Willoom,Female,59,15/10/2027,France
427,Waeston,Female,60,16/08/2026,France
428,Rosma,Female,61,21/05/2025,Great Britain
429,Felisaas,Female,62,21/05/2026,France
430,Demetas,Female,63,15/10/2028,France
431,Jeromyw,Female,64,16/08/2027,United States
432,Rashid,Female,65,21/05/2026,United States
433,Dett,Male,18,21/05/2015,Great Britain
434,Nern ,Female,19,15/10/2017,France
435,Kallsie,Male,20,16/08/2016,France
436,Siuau,Female,21,21/05/2015,Great Britain
437,Shennice,Male,22,21/05/2016,France
438,Chasse,Female,23,15/10/2018,France
439,Tommye,Male,24,16/08/2017,United States
440,Dorcast,Female,25,21/05/2016,United States
441,Angelee,Male,26,21/05/2017,Great Britain
442,Willoom,Female,27,15/10/2019,France
443,Waeston,Male,28,16/08/2018,Great Britain
444,Rosma,Female,29,21/05/2017,France
445,Felisaas,Male,30,21/05/2018,France
446,Demetas,Female,31,15/10/2020,Great Britain
447,Jeromyw,Female,32,16/08/2019,France
448,Rashid,Female,33,21/05/2018,France
449,Dett,Female,34,21/05/2019,United States
450,Nern ,Female,35,15/10/2021,United States
451,Kallsie,Female,36,16/08/2020,Great Britain
452,Siuau,Female,37,21/05/2019,France
453,Shennice,Female,38,21/05/2020,Great Britain
454,Chasse,Female,39,15/10/2022,France
455,Tommye,Female,40,16/08/2021,France
456,Dorcast,Female,41,21/05/2020,Great Britain
457,Angelee,Female,42,21/05/2021,France
458,Willoom,Female,43,15/10/2023,France
459,Waeston,Female,44,16/08/2022,United States
460,Rosma,Female,45,21/05/2021,United States
461,Felisaas,Female,46,21/05/2022,Great Britain
462,Demetas,Female,47,15/10/2024,France
463,Jeromyw,Female,48,16/08/2023,Great Britain
464,Rashid,Female,49,21/05/2022,France
465,Dett,Female,50,21/05/2023,France
466,Nern ,Female,51,15/10/2025,Great Britain
467,Kallsie,Female,52,16/08/2024,France
468,Siuau,Female,53,21/05/2023,France
469,Shennice,Female,54,21/05/2024,United States
470,Chasse,Female,55,15/10/2026,United States
471,Tommye,Female,56,16/08/2025,Great Britain
472,Dorcast,Female,57,21/05/2024,France
473,Angelee,Female,58,21/05/2025,Great Britain
474,Willoom,Female,59,15/10/2027,France
475,Waeston,Female,60,16/08/2026,France
476,Rosma,Female,61,21/05/2025,Great Britain
477,Felisaas,Female,62,21/05/2026,France
478,Demetas,Female,63,15/10/2028,France
479,Jeromyw,Female,64,16/08/2027,United States
480,Rashid,Female,65,21/05/2026,United States
481,Dett,Male,18,21/05/2015,Great Britain
482,Nern ,Female,19,15/10/2017,France
483,Kallsie,Male,20,16/08/2016,France
484,Siuau,Female,21,21/05/2015,Great Britain
485,Shennice,Male,22,21/05/2016,France
486,Chasse,Female,23,15/10/2018,France
487,Tommye,Male,24,16/08/2017,United States
488,Dorcast,Female,25,21/05/2016,United States
489,Angelee,Male,26,21/05/2017,Great Britain
490,Willoom,Female,27,15/10/2019,France
491,Waeston,Male,28,16/08/2018,Great Britain
492,Rosma,Female,29,21/05/2017,France
493,Felisaas,Male,30,21/05/2018,France
494,Demetas,Female,31,15/10/2020,Great Britain
495,Jeromyw,Female,32,16/08/2019,France
496,Rashid,Female,33,21/05/2018,France
497,Dett,Female,34,21/05/2019,United States
498,Nern ,Female,35,15/10/2021,United States
499,Kallsie,Female,36,16/08/2020,Great Britain
500,Siuau,Female,37,21/05/2019,France
501,Shennice,Female,38,21/05/2020,Great Britain
502,Chasse,Female,39,15/10/2022,France
503,Tommye,Female,40,16/08/2021,France
504,Dorcast,Female,41,21/05/2020,Great Britain
505,Angelee,Female,42,21/05/2021,France
506,Willoom,Female,43,15/10/2023,France
507,Waeston,Female,44,16/08/2022,United States
508,Rosma,Female,45,21/05/2021,United States
509,Felisaas,Female,46,21/05/2022,Great Britain
510,Demetas,Female,47,15/10/2024,France
511,Jeromyw,Female,48,16/08/2023,Great Britain
512,Rashid,Female,49,21/05/2022,France
513,Dett,Female,50,21/05/2023,France
514,Nern ,Female,51,15/10/2025,Great Britain
515,Kallsie,Female,52,16/08/2024,France
516,Siuau,Female,53,21/05/2023,France
517,Shennice,Female,54,21/05/2024,United States
518,Chasse,Female,55,15/10/2026,United States
519,Tommye,Female,56,16/08/2025,Great Britain
520,Dorcast,Female,57,21/05/2024,France
521,Angelee,Female,58,21/05/2025,Great Britain
522,Willoom,Female,59,15/10/2027,France
523,Waeston,Female,60,16/08/2026,France
524,Rosma,Female,61,21/05/2025,Great Britain
525,Felisaas,Female,62,21/05/2026,France
526,Demetas,Female,63,15/10/2028,France
527,Jeromyw,Female,64,16/08/2027,United States
528,Rashid,Female,65,21/05/2026,United States
529,Nern ,Female,35,15/10/2021,United States
530,Kallsie,Female,36,16/08/2020,Great Britain
531,Siuau,Female,37,21/05/2019,France
532,Shennice,Female,38,21/05/2020,Great Britain
533,Chasse,Female,39,15/10/2022,France
534,Tommye,Female,40,16/08/2021,France
535,Dorcast,Female,41,21/05/2020,Great Britain
536,Angelee,Female,42,21/05/2021,France
537,Willoom,Female,43,15/10/2023,France
538,Waeston,Female,44,16/08/2022,United States
539,Rosma,Female,45,21/05/2021,United States
540,Felisaas,Female,46,21/05/2022,Great Britain
541,Demetas,Female,47,15/10/2024,France
542,Jeromyw,Female,48,16/08/2023,Great Britain
543,Rashid,Female,49,21/05/2022,France
544,Dett,Female,50,21/05/2023,France
545,Nern ,Female,51,15/10/2025,Great Britain
546,Kallsie,Female,52,16/08/2024,France
547,Siuau,Female,53,21/05/2023,France
548,Shennice,Female,54,21/05/2024,United States
549,Chasse,Female,55,15/10/2026,United States
550,Tommye,Female,56,16/08/2025,Great Britain
551,Dorcast,Female,57,21/05/2024,France
552,Angelee,Female,58,21/05/2025,Great Britain
553,Willoom,Female,59,15/10/2027,France
554,Waeston,Female,60,16/08/2026,France
555,Rosma,Female,61,21/05/2025,Great Britain
556,Felisaas,Female,62,21/05/2026,France
557,Demetas,Female,63,15/10/2028,France
558,Jeromyw,Female,64,16/08/2027,United States
559,Rashid,Female,65,21/05/2026,United States
560,Nern ,Female,35,15/10/2021,United States
561,Kallsie,Female,36,16/08/2020,Great Britain
562,Siuau,Female,37,21/05/2019,France
563,Shennice,Female,38,21/05/2020,Great Britain
564,Chasse,Female,39,15/10/2022,France
565,Tommye,Female,40,16/08/2021,France
566,Dorcast,Female,41,21/05/2020,Great Britain
567,Angelee,Female,42,21/05/2021,France
568,Willoom,Female,43,15/10/2023,France
569,Waeston,Female,44,16/08/2022,United States
570,Rosma,Female,45,21/05/2021,United States
571,Felisaas,Female,46,21/05/2022,Great Britain
572,Demetas,Female,47,15/10/2024,France
573,Jeromyw,Female,48,16/08/2023,Great Britain
574,Rashid,Female,49,21/05/2022,France
575,Dett,Female,50,21/05/2023,France
576,Nern ,Female,51,15/10/2025,Great Britain
577,Kallsie,Female,52,16/08/2024,France
578,Siuau,Female,53,21/05/2023,France
579,Shennice,Female,54,21/05/2024,United States
580,Chasse,Female,55,15/10/2026,United States
581,Tommye,Female,56,16/08/2025,Great Britain
582,Dorcast,Female,57,21/05/2024,France
583,Angelee,Female,58,21/05/2025,Great Britain
584,Willoom,Female,59,15/10/2027,France
585,Waeston,Female,60,16/08/2026,France
586,Rosma,Female,61,21/05/2025,Great Britain
587,Felisaas,Female,62,21/05/2026,France
588,Demetas,Female,63,15/10/2028,France
589,Jeromyw,Female,64,16/08/2027,United States
590,Rashid,Female,65,21/05/2026,United States
591,Nern ,Female,35,15/10/2021,United States
592,Kallsie,Female,36,16/08/2020,Great Britain
593,Siuau,Female,37,21/05/2019,France
594,Shennice,Female,38,21/05/2020,Great Britain
595,Chasse,Female,39,15/10/2022,France
596,Tommye,Female,40,16/08/2021,France
597,Dorcast,Female,41,21/05/2020,Great Britain
598,Angelee,Female,42,21/05/2021,France
599,Willoom,Female,43,15/10/2023,France
600,Waeston,Female,44,16/08/2022,United States
601,Rosma,Female,45,21/05/2021,United States
602,Felisaas,Female,46,21/05/2022,Great Britain
603,Demetas,Female,47,15/10/2024,France
604,Jeromyw,Female,48,16/08/2023,Great Britain
605,Rashid,Female,49,21/05/2022,France
606,Dett,Female,50,21/05/2023,France
607,Nern ,Female,51,15/10/2025,Great Britain
608,Kallsie,Female,52,16/08/2024,France
609,Siuau,Female,53,21/05/2023,France
610,Shennice,Female,54,21/05/2024,United States
611,Chasse,Female,55,15/10/2026,United States
612,Tommye,Female,56,16/08/2025,Great Britain
613,Dorcast,Female,57,21/05/2024,France
614,Angelee,Female,58,21/05/2025,Great Britain
615,Willoom,Female,59,15/10/2027,France
616,Waeston,Female,60,16/08/2026,France
617,Rosma,Female,61,21/05/2025,Great Britain
618,Felisaas,Female,62,21/05/2026,France
619,Demetas,Female,63,15/10/2028,France
620,Jeromyw,Female,64,16/08/2027,United States
621,Rashid,Female,65,21/05/2026,United States
622,Nern ,Female,35,15/10/2021,United States
623,Kallsie,Female,36,16/08/2020,Great Britain
624,Siuau,Female,37,21/05/2019,France
625,Shennice,Female,38,21/05/2020,Great Britain
626,Chasse,Female,39,15/10/2022,France
627,Tommye,Female,40,16/08/2021,France
628,Dorcast,Female,41,21/05/2020,Great Britain
10610,Rosma,Female,61,21/05/2025,Great Britain
10611,Felisaas,Female,62,21/05/2026,France
10612,Demetas,Female,63,15/10/2028,France
10613,Jeromyw,Female,64,16/08/2027,United States
10614,Rashid,Female,65,21/05/2026,United States
10615,Nern ,Female,35,15/10/2021,United States
99999,Silva,Female,99,01/01/2001,
99998,Miranda,Female,,15/10/2021,United States
99997,Oliveira,Female,null,15/10/2021,Brazil
99996,Oliveira,Brazil
10616,Kallsie,Female,36,16/08/2020,Great Britain
